Gene ID,Score (Non-GRA),Score (GRA)
TGDOM2_208440,0.9999990463256836,1.0095793641085038e-06
