Gene ID,Score (Non-GRA),Score (GRA)
TGDOM2_208440,0.9999996423721313,3.158001504743879e-07
XP_002365701.1,0.08415193855762482,0.9158480763435364
KEP66778.1,0.08426474779844284,0.9157351851463318
