Gene ID,Score (Non-GRA),Score (GRA)
TGDOM2_208440,0.9998553991317749,0.0001446302339900285
TGBR9_201270,0.9665170311927795,0.03348301351070404
