Gene ID,Score (Non-GRA),Score (GRA)
111.0,0.9999793767929077,2.058412428596057e-05
