Gene ID,Score (Non-GRA),Score (GRA)
TGDOM2_208440,0.9999985694885254,1.4856385632810998e-06
XP_002365701.1,0.047798000276088715,0.9522019624710083
KEP66778.1,0.0478706918656826,0.9521293640136719
