Gene ID,Score (Non-GRA),Score (GRA)
TGDOM2_2,0.9999998807907104,9.059630912133798e-08
