Gene ID,Score (Non-GRA),Score (GRA)
TGBR9_201270,0.9999998807907104,1.1861871485052689e-07
