Gene ID,Score (Non-GRA),Score (GRA)
132132132_,0.9999997615814209,2.5135395276265626e-07
