ID,Score (Non-GRA),Score (GRA)
XP_002365701.1,0.9999972581863403,2.7100193165097153e-06
