ID,Score (Non-GRA),Score (GRA)
inF_NCLIV_038210,0.9999897480010986,1.0269083759339992e-05
NCLIV_060810,0.3886755704879761,0.6113244891166687
NCLIV_022330,0.43198850750923157,0.5680115222930908
NCLIV_022320,0.4282211661338806,0.5717787742614746
