ID,Score (Non-GRA),Score (GRA)
NCLIV_022330,0.9999991655349731,8.633998618279293e-07
NCLIV_022320,0.7867470383644104,0.21325290203094482
NCLIV_060810,0.31289562582969666,0.6871044635772705
