ID,Score (Non-GRA),Score (GRA)
NCLIV_060810,0.2928350269794464,0.7071649432182312
NCLIV_022330,0.34185299277305603,0.6581470370292664
NCLIV_022320,0.33739104866981506,0.6626089215278625
