ID,Score (Non-GRA),Score (GRA)
NCLIV_060810,0.37449464201927185,0.6255053877830505
NCLIV_022330,0.39417868852615356,0.6058213114738464
NCLIV_022320,0.3885628581047058,0.611437201499939
