ID,Score (Non-GRA),Score (GRA)
inF_NCLIV_038210,0.9999998807907104,1.2718771813524654e-07
inF_NCLIV_038210,0.8722764253616333,0.1277236044406891
NCLIV_060810,0.3631512522697449,0.6368487477302551
NCLIV_022330,0.46605736017227173,0.533942699432373
NCLIV_022320,0.4609021246433258,0.5390978455543518
