ID,Score (Non-GRA),Score (GRA)
NCLIV_060810,0.3540623188018799,0.6459376811981201
NCLIV_022330,0.4464769661426544,0.5535230040550232
NCLIV_022320,0.44417011737823486,0.5558298230171204
