ID,Score (Non-GRA),Score (GRA)
inF_NCLIV_038210,0.9164657592773438,0.08353429287672043
inF_NCLIV_038210,0.8288313746452332,0.17116867005825043
NCLIV_060810,0.25521770119667053,0.7447822690010071
NCLIV_022330,0.3225450813770294,0.6774548888206482
NCLIV_022320,0.3188181519508362,0.6811819076538086
