ID,Score (Non-GRA),Score (GRA)
NCLIV_060810,0.9999996423721313,3.7648507600351877e-07
NCLIV_022330,0.4132790267467499,0.5867210030555725
NCLIV_022320,0.4083065688610077,0.5916934013366699
