ID,Score (Non-GRA),Score (GRA)
NCLIV_060810,0.448947548866272,0.5510525107383728
NCLIV_022330,0.47073644399642944,0.5292635560035706
NCLIV_022320,0.4654361307621002,0.5345638394355774
