ID,Score (Non-GRA),Score (GRA)
NCLIV_060810,0.4010864198207855,0.5989136099815369
NCLIV_022330,0.5369482040405273,0.46305179595947266
NCLIV_022320,0.532581090927124,0.4674188494682312
