ID,Score (Non-GRA),Score (GRA)
TGDOM2_208440,0.9964499473571777,0.0035500454250723124
