ID,Score (Non-GRA),Score (GRA)
NCLIV_060810,0.3973209857940674,0.6026789546012878
NCLIV_022330,0.5878860950469971,0.41211390495300293
NCLIV_022320,0.5823411345481873,0.41765883564949036
