ID,Score (Non-GRA),Score (GRA)
NCLIV_060810,0.30517932772636414,0.6948206424713135
NCLIV_022330,0.3468666672706604,0.6531333327293396
NCLIV_022320,0.34190627932548523,0.6580936312675476
